Genus;Species;TAB;BIZ;RAF;ZAO;ZAP;ELK;MON;HER;MAH;GAL;MAR;PPR;BPA;PPE;SDO;CBA;TAV;LIV;LAM;CAR;PCO;CHIA;MOR;GIAN;LAMP;MART;MED;ALI;BS;Living habit
Acidostoma ortum J.L. Barnard, 1967 ;Acidostoma;ortum;0;0;0;0;0;0;0;0;0;0;1;0;0;0;0;0;0;0;0;0;0;0;0;0;0;0;0;0;5.25;Free
Ampelisca diadema (Costa, 1853);Ampelisca;diadema;0;0;0;0;0;0;0;0;0;1;0;1;1;1;0;0;1;1;0;0;0;1;0;0;0;0;0;0;10;Tube
Ampelisca rubella A. Costa, 1864;Ampelisca;rubella;1;1;1;0;0;1;1;1;1;0;0;0;0;0;0;1;1;0;0;1;0;0;0;1;0;0;0;0;4.75;Tube
Ampelisca serraticaudata Chevreux, 1888;Ampelisca;serraticaudata;0;0;0;0;0;0;0;0;0;0;0;0;0;0;0;0;0;0;0;0;0;0;1;0;0;0;0;0;4.25;Tube
Ampelisca spinipes Boeck, 1861;Ampelisca;spinipes;1;1;1;0;0;1;1;1;1;0;0;0;0;0;0;0;0;0;0;0;0;0;1;0;0;0;0;0;15;Tube
Ampelisca tenuicornis Liljeborg, 1855;Ampelisca;tenuicornis;0;0;0;0;0;0;0;0;0;0;0;0;0;0;0;0;0;0;0;0;0;1;0;1;0;0;0;0;8;Tube
Ampelisca unidentata Schellenberg, 1936;Ampelisca;unidentata;1;1;1;1;1;1;1;1;1;0;0;0;0;0;0;0;0;0;0;0;0;0;1;0;0;0;0;0;5;Tube
Apolochus brunneus (Della Valle, 1893);Apolochus;brunneus;0;0;0;0;0;0;0;0;0;0;0;0;0;0;0;0;0;0;0;0;0;1;1;0;0;0;0;0;2.75;Free
Apolochus neapolitanus (Della Valle, 1893);Apolochus;neapolitanus;1;1;1;1;0;1;1;1;1;1;0;0;0;0;0;1;1;0;1;0;0;1;1;1;1;1;0;0;4;Free
Apolochus picadurus (J. L. Barnard, 1962);Apolochus;picadurus;0;0;0;0;0;0;0;0;0;1;0;0;0;0;0;0;0;0;1;0;0;1;1;1;0;0;0;0;3.5;Free
Gitana sarsi Boeck, 1871;Gitana;sarsi;0;0;0;0;0;0;0;0;0;0;0;0;0;0;0;0;1;0;1;0;1;1;1;1;0;0;0;0;3;Free
Ampithoe ferox (Chevreux, 1901);Ampithoe;ferox;0;0;0;0;0;0;0;0;0;0;0;0;0;0;0;0;0;1;0;0;0;0;0;0;0;0;0;0;8.5;Tube
Ampithoe ramondi Audouin, 1826;Ampithoe;ramondi;1;1;1;1;1;1;1;1;1;1;1;0;0;0;1;0;1;1;1;1;1;0;1;0;1;0;0;1;13;Tube
Cymadusa crassicornis (Costa, 1853);Cymadusa;crassicornis;0;0;0;0;0;0;0;0;0;0;0;0;0;0;1;1;1;0;1;1;0;0;0;0;1;1;0;1;9.5;Tube
Pleonexes helleri (Karaman, 1975);Pleonexes;helleri;1;1;1;1;1;1;1;1;1;0;0;0;0;0;1;1;1;1;1;1;1;0;0;0;1;1;0;0;5;Tube
Aora gracilis (Spence Bate, 1857);Aora;gracilis;0;0;0;0;0;1;1;1;1;0;0;0;0;0;0;1;1;1;0;0;0;0;0;0;0;0;0;0;6;Tube
Aora spinicornis Afonso, 1976;Aora;spinicornis;0;0;0;0;0;0;0;1;0;1;0;1;1;0;1;1;1;1;1;1;1;1;1;1;1;1;1;1;7.5;Tube
Lembos websteri Spence Bate, 1857;Lembos;websteri;1;0;1;0;0;1;0;0;0;0;0;0;0;0;0;0;1;0;1;0;1;0;0;0;1;0;0;0;6;Tube
Microdeutopus algicola Della Valle, 1893;Microdeutopus;algicola;0;0;0;0;0;0;0;0;0;0;0;0;0;0;0;0;0;1;0;0;0;0;0;0;0;0;0;0;6.75;Tube
Microdeutopus anomalus (Rathke, 1843);Microdeutopus;anomalus;0;0;0;0;0;0;0;0;0;0;0;0;0;0;0;0;1;0;0;0;1;0;0;0;0;0;0;0;10;Tube
Microdeutopus chelifer (Spence Bate, 1862);Microdeutopus;chelifer;0;1;1;0;0;0;0;1;0;0;0;0;0;0;0;0;0;1;0;0;0;0;0;0;0;0;0;0;8;Tube
Microdeutopus obtusatus Myers, 1973;Microdeutopus;obtusatus;0;0;0;0;0;0;0;0;0;0;0;0;0;0;0;0;0;1;1;0;0;0;0;0;0;0;0;0;6;Tube
Microdeutopus similis Myers, 1977;Microdeutopus;similis;0;0;0;0;0;0;0;0;0;0;0;0;0;0;0;0;1;0;0;0;0;0;0;0;0;0;0;0;3.5;Tube
Microdeutopus stationis Della Valle, 1893;Microdeutopus;stationis;0;0;0;0;0;0;0;0;0;0;0;0;1;0;0;0;0;0;0;0;0;0;0;0;0;0;0;0;12;Tube
Microdeutopus versiculatus (Spence Bate 1857);Microdeutopus;versiculatus;0;0;0;0;0;0;0;0;0;0;0;0;0;0;0;0;0;1;0;0;0;0;0;0;0;0;0;0;8;Tube
Tethylembos viguieri (Chevreux, 1911);Tethylembos;viguieri;0;0;0;0;0;0;0;0;1;0;0;0;0;0;0;0;0;0;0;0;0;0;0;0;0;0;0;0;6.5;Tube
Autonoe spiniventris Della Valle, 1893;Autonoe;spiniventris;0;0;0;0;0;0;0;0;0;1;1;0;0;0;0;0;0;0;0;0;0;1;0;0;0;0;0;0;6.5;Tube
Nototropis guttatus Costa, 1853;Nototropis;guttatus;0;0;0;0;0;0;0;0;0;0;0;0;0;0;0;1;1;0;0;1;0;0;0;1;0;0;0;1;10;Free
Nototropis massiliensis (Bellan-Santini, 1975);Nototropis;massiliensis;0;0;0;0;0;0;0;0;0;0;0;0;0;0;0;0;0;0;0;0;0;1;0;1;0;0;0;0;6;Free
Nototropis vedlomensis (Spence Bate & Westwood, 1862);Nototropis;vedlomensis;0;0;0;0;0;0;0;0;0;0;1;0;0;0;0;0;1;0;0;0;0;0;0;1;0;0;0;1;8;Free
Apherusa alacris Krapp-Schickel, 1969;Apherusa;alacris;0;0;0;0;0;0;0;0;0;0;0;0;0;0;0;0;0;1;0;0;0;0;0;0;0;0;0;0;6;Free
Apherusa bispinosa (Spence Bate, 1857);Apherusa;bispinosa;0;0;0;0;0;0;0;0;0;0;0;0;0;0;0;0;0;1;0;0;0;0;0;0;0;0;0;0;7;Free
Apherusa chiereghinii Giordani-Soika, 1949;Apherusa;chiereghini;0;0;0;0;0;0;0;0;0;0;0;0;0;0;0;1;1;0;1;1;1;1;1;1;1;1;1;1;5.25;Free
Apherusa vexatrix Krapp-Schickel, 1979;Apherusa;vexatrix;0;0;0;0;0;0;0;0;0;0;0;0;0;0;0;0;0;0;0;0;0;0;0;0;0;0;0;1;5.5;Free
Caprella acanthifera Leach, 1814;Caprella;acanthifera;0;0;0;0;0;1;1;1;0;0;0;0;0;0;1;1;1;1;1;1;1;0;1;1;1;1;0;1;13;Free
Caprella equilibra Say, 1818;Caprella;equilibra;0;0;0;0;0;0;0;0;0;0;0;0;0;0;0;0;0;1;0;0;0;0;0;0;0;0;0;0;23;Free
Caprella grandimana (Mayer, 1882);Caprella;grandimana;0;0;1;0;0;0;0;1;0;0;0;0;0;0;0;0;0;0;0;0;0;1;0;0;0;0;0;0;3.8;Free
Caprella liparotensis Haller, 1879;Caprella;liparotensis;0;0;0;0;0;0;0;1;0;0;0;0;0;0;0;0;0;0;1;0;0;0;0;0;0;0;0;0;9.5;Free
Caprella rapax Mayer, 1890;Caprella;rapax;0;0;0;0;0;0;0;0;0;0;0;0;0;0;0;0;0;1;0;0;0;0;0;0;0;0;0;0;3.7;Free
Caprella tavolarensis Sturaro & Guerra-Garca 2012;Caprella;tavolarensis;0;0;0;0;0;0;0;0;0;0;0;0;0;0;0;0;1;0;0;0;0;0;0;0;0;0;0;0;4.65;Free
Deutella shieckei Cavedini, 1982;Deutella;shieckei;1;1;1;0;0;0;0;0;0;0;0;0;0;0;0;0;0;0;0;0;0;0;0;0;0;0;0;0;4;Free
Pariambus typicus (Kryer, 1884);Pariambus;typicus;0;0;0;0;0;0;0;0;0;0;0;0;0;0;0;0;0;0;0;0;0;1;0;0;0;0;0;0;6;Free
Phtisica marina Slabber, 1769;Phtisica;marina;0;0;0;0;0;0;0;0;0;0;0;0;0;0;1;1;1;1;1;1;1;1;1;1;1;1;1;1;16.75;Free
Pseudolirius kroyeri (Haller, 1897);Pseudolirius;kroyeri;0;0;0;0;0;0;0;0;0;0;0;0;0;0;0;0;1;0;0;0;0;0;0;0;0;0;0;0;5.5;Free
Pseudoprotella phasma (Montagu, 1804);Pseudoprotella;phasma;0;0;0;0;0;1;1;0;1;0;0;0;0;0;1;1;1;1;1;1;1;0;1;1;0;1;0;0;20.45;Free
Cheirocratus sundevallii (Rathke, 1843);Cheirocratus;sundevallii;0;0;0;0;0;0;0;0;0;0;0;0;0;0;0;0;0;0;0;0;0;0;1;0;0;0;0;0;10;Free
Apocorophium acutum (Chevreux, 1908);Apocorophium;acutum;0;0;0;0;0;1;0;0;0;0;0;0;0;0;0;0;0;0;0;1;0;0;0;0;0;0;0;0;4;Tube
Leptocheirus bispinosus Norman, 1908;Leptocheirus;bispinosus;0;0;0;0;0;0;0;0;0;0;0;0;0;0;0;0;0;1;0;0;0;0;0;0;0;0;0;0;6;Tube
Leptocheirus guttatus (Grube, 1864);Leptocheirus;guttatus;0;0;0;0;0;1;1;1;1;0;0;0;0;0;0;1;1;1;0;0;1;1;1;1;1;0;0;1;4;Tube
Leptocheirus pectinatus (Norman, 1869);Leptocheirus;pectinatus;0;0;0;0;0;0;0;0;0;1;0;0;0;0;0;0;1;0;0;0;0;0;0;0;0;0;0;0;6;Tube
Leptocheirus pilosus Zaddach, 1844;Leptocheirus;pilosus;0;0;0;0;0;0;0;0;0;0;0;0;0;0;0;0;0;0;0;0;0;1;0;1;0;0;0;0;5;Tube
Cressa cristata Myers, 1969;Cressa;cristata;0;0;0;0;0;0;0;0;0;0;0;0;0;0;0;0;0;0;0;0;0;0;1;1;0;0;0;0;1.85;Free
Cressa mediterranea Ruffo, 1979;Cressa;mediterranea;0;0;0;0;0;0;0;0;0;0;0;0;0;0;0;0;0;0;0;0;0;0;1;1;0;0;0;0;2;Free
Peltocoxa gibbosa (Schiecke, 1977);Peltocoxa;gibbosa;0;0;0;0;0;0;0;0;0;0;0;0;0;0;0;0;1;0;1;0;0;0;0;1;0;0;0;0;2.5;Free
Peltocoxa marioni Catta, 1875;Peltocoxa;marioni;1;0;0;0;0;1;1;1;0;1;0;0;0;0;1;1;1;0;1;0;1;0;0;0;1;0;0;0;2.35;Free
Peltocoxa mediterranea Schiecke, 1977;Peltocoxa;mediterranea;0;0;0;0;0;0;0;0;0;0;0;0;0;0;0;0;0;1;0;0;0;1;1;1;0;0;0;0;2.4;Free
Dexamine spiniventris (Costa, 1853);Dexamine;spiniventris;0;0;0;0;0;1;1;1;1;0;1;0;0;0;0;1;1;1;1;1;0;0;0;1;0;0;0;1;8;Free
Dexamine spinosa (Montagu, 1813);Dexamine;spinosa;1;1;1;1;0;0;1;1;1;1;1;1;0;1;1;1;1;1;1;1;1;1;1;1;1;1;0;1;14;Free
Guernea (Guernea) coalita (Norman, 1868);Guernea (Guernea);coalita;0;0;0;0;0;0;0;0;0;0;0;0;0;0;0;1;1;0;1;0;0;0;0;1;1;0;0;0;2;Free
Tritaeta gibbosa (Spence Bate, 1862);Tritaeta;gibbosa;1;1;1;1;0;1;1;1;1;0;0;0;0;0;0;1;1;1;0;0;0;0;0;0;0;0;0;0;6;Free
Marinohyalella richardi (Chevreux, 1902);Marinohyalella;richardi;0;0;0;0;0;0;0;0;0;0;0;0;0;0;0;0;0;1;0;0;0;0;0;0;0;0;0;0;6.5;Tube
Gammarellus angulosus (Rathke, 1843);Gammarellus;angulosus;0;0;0;0;0;0;0;0;0;0;0;0;0;0;0;0;0;1;0;0;0;0;0;0;0;0;0;0;15;Free
Gammarus aequicauda (Martynov, 1931);Gammarus;aequicauda;0;0;0;0;0;0;0;0;0;0;0;0;0;0;0;0;1;1;0;0;0;0;0;0;0;0;0;0;14;Free
Gammarus crinicornis Stock, 1966;Gammarus;crinicornis;0;0;0;0;0;0;0;0;0;0;0;0;0;0;0;0;0;1;0;0;0;0;0;0;0;0;0;0;20;Free
Protohyale (Boreohyale) camptonyx (Heller, 1866);Protohyale (Boreohyale);camptonyx;1;1;1;1;1;1;1;1;1;0;0;0;0;0;0;1;1;0;1;1;0;0;0;0;0;0;0;0;5.5;Tube
Apohyale crassipes (Heller, 1866);Apohyale;crassipes;0;0;0;0;0;0;0;0;0;0;0;0;0;0;0;0;0;1;0;0;0;0;0;0;0;0;0;0;7.5;Tube
Protohyale (Protohyale) schmidtii (Heller, 1866);Protohyale (Protohyale);schmidtii;0;0;0;0;0;0;0;0;0;1;0;0;0;0;0;0;0;1;1;0;0;0;0;0;1;1;1;0;5.5;Tube
Hyale stebbingi Chevreux, 1888;Hyale;stebbingi;0;0;0;0;0;0;0;0;0;0;0;0;0;0;0;0;0;0;0;0;0;0;0;0;0;0;0;1;5;Tube
Parhyale aquilina (Costa, 1857);Parhyale;aquilina;0;0;0;0;0;1;0;1;0;0;0;0;0;0;0;0;0;0;0;0;0;0;0;0;0;0;0;0;6;Tube
Coboldus nitior Krapp-Schickel, 1974;Coboldus;nitior;0;0;0;0;0;0;0;0;0;0;0;0;0;0;0;0;0;0;0;0;0;0;0;1;0;0;0;0;5;Free
Iphimedia minuta G. O. Sars, 1883;Iphimedia;minuta;0;0;0;0;0;0;0;0;0;0;1;0;0;0;0;1;1;0;1;0;1;1;1;1;1;1;1;1;6;Free
Iphimedia serratipes Ruffo & Schiecke, 1979;Iphimedia;serratipes;0;0;0;0;0;0;0;0;0;0;0;0;0;0;0;0;0;1;0;0;0;1;0;0;0;0;0;0;4.2;Free
Iphimedia vicina Ruffo & Schiecke, 1979;Iphimedia;vicina;0;0;0;0;0;0;0;0;0;0;0;0;0;0;0;0;0;0;0;0;0;0;0;1;0;0;0;0;5;Free
Centraloecetes dellavallei (Stebbing, 1899);Centraloecetes;dellavallei;0;0;0;0;0;0;0;0;0;0;0;0;0;0;0;1;0;1;0;0;0;0;0;1;0;0;0;0;6;Tube
Centraloecetes neapolitanus (Schiecke, 1978);Centraloecetes;neapolitanus;0;0;0;0;0;0;0;0;0;0;0;0;0;0;0;0;0;0;0;0;0;0;0;1;0;0;0;0;2.7;Tube
Ericthonius brasiliensis (Dana, 1853);Ericthonius;brasiliensis;0;0;0;0;0;0;0;0;0;0;0;0;1;1;0;0;0;1;0;0;0;0;0;0;0;0;0;0;7;Tube
Ericthonius difformis H. Milne Edwards, 1830;Ericthonius;difformis;0;0;1;0;0;1;0;0;1;0;0;0;0;0;0;0;0;0;0;0;0;0;0;0;0;0;0;0;10;Tube
Ericthonius punctatus (Spence Bate, 1857);Ericthonius;punctatus;1;1;1;1;1;1;1;1;1;1;0;0;0;0;0;1;1;0;1;1;1;1;1;1;0;0;1;0;10;Tube
Coxischyrocerus inexpectatus Ruffo, 1959;Coxischyrocerus;inexpectatus;1;1;0;0;0;0;0;0;1;0;0;0;0;0;0;0;1;0;1;0;1;0;0;0;0;0;1;0;2.5;Tube
Jassa ocia (Spence Bate, 1862);Jassa;ocia;0;0;0;0;0;0;0;0;0;0;0;0;0;0;0;1;0;1;0;0;0;0;0;0;0;0;0;0;5;Tube
Microjassa cumbrensis (Stebbing & Robertson, 1891);Microjassa;cumbrensis;0;0;0;0;0;0;0;0;0;0;0;0;0;0;0;0;0;0;0;0;0;1;1;1;0;0;0;0;3;Tube
Cerapopsis longipes (Della Valle, 1893);Cerapopsis;longipes;0;0;0;0;0;0;0;0;0;0;0;0;0;0;0;0;0;1;0;0;0;0;0;0;0;0;0;0;3.35;Tube
Micropythia carinata (Spence Bate, 1862);Micropythia;carinata;0;0;0;0;0;0;0;0;0;1;0;0;0;0;0;0;0;0;0;0;0;0;0;1;0;0;0;0;4.25;Tube
Leucothoe euryonyx (Walker, 1901);Leucothoe;euryonyx;0;0;0;0;0;0;0;0;0;0;0;0;0;0;0;0;0;1;0;0;0;1;0;0;0;0;0;0;3;Free
Leucothoe procera Spence Bate, 1857;Leucothoe;procera;0;0;0;0;0;0;0;0;0;0;0;0;0;0;0;0;0;1;0;0;0;0;0;0;0;0;0;0;8;Free
Leucothoe richiardii Lesson, 1865;Leucothoe;richiardii;0;0;0;0;0;0;0;0;0;0;0;0;0;1;0;0;0;0;0;0;0;0;0;0;0;0;0;0;8;Free
Leucothoe spinicarpa (Abildgaard, 1789);Leucothoe;spinicarpa;0;0;0;0;0;1;1;1;0;0;0;0;1;0;0;1;1;1;0;0;1;1;1;1;1;0;1;1;18;Free
Leucothoe venetiarum Giordani-Soika, 1950;Leucothoe;venetiarum;0;0;0;0;0;0;0;0;1;0;0;0;0;0;0;0;0;0;0;0;0;0;0;0;0;0;0;0;3;Free
Liljeborgia dellavallei Stebbing, 1906;Liljeborgia;dellavallei;0;0;0;0;0;0;0;0;0;0;1;1;0;0;0;1;1;1;1;0;1;1;1;1;1;1;0;0;6;Free
Lysianassa costae (H. Milne Edwards, 1830);Lysianassa;costae;1;1;0;1;1;1;1;1;1;1;1;0;0;0;0;0;1;1;0;0;0;1;0;1;0;0;0;0;7.75;Free
Lysianassa pilicornis (Heller, 1866);Lysianassa;pilicornis;0;0;0;0;0;0;0;0;0;0;1;1;0;0;0;1;1;1;0;0;0;0;0;0;0;0;0;0;9.5;Free
Lysianassa plumosa Boeck, 1871;Lysianassa;plumosa;0;0;0;0;0;0;0;0;0;0;1;0;0;0;0;0;0;0;0;0;0;0;0;0;0;0;0;0;12;Free
Lysianassina longicornis (Lucas, 1846);Lysianassa;longicornis;0;0;0;0;0;0;0;0;0;0;0;0;0;0;0;1;1;1;0;0;0;0;1;0;0;0;0;1;10.5;Free
Nannonyx propinquus Chevreux, 1911;Nannonyx;propinquus;0;0;0;0;0;0;0;0;0;0;0;0;0;0;0;0;1;0;0;0;0;0;0;0;0;0;0;0;2.5;Free
Socarnes filicornis (Heller, 1866);Socarnes;filicornis;0;0;0;0;0;0;0;0;1;0;0;0;0;0;0;0;0;0;0;0;0;0;0;1;0;0;0;0;7;Free
Animoceradocus semiserratus (Spence Bate, 1862);Animoceradocus;semiserratus;0;0;0;0;0;0;0;0;0;0;0;0;0;0;0;0;0;0;0;0;0;0;0;1;0;0;0;1;8.5;Free
Ceradocus (Ceradocus) orchestiipes Costa, 1853;Ceradocus (Ceradocus);orchestiipes;0;0;0;0;0;0;0;0;0;1;0;1;0;0;0;0;0;1;0;0;0;0;0;0;0;0;0;0;15;Free
Elasmopus brasiliensis (Dana, 1855);Elasmopus;brasiliensis;1;1;1;0;1;0;0;1;1;0;0;0;0;0;0;0;0;0;0;0;0;0;0;0;0;0;0;0;7;Free
Elasmopus pectenicrus (Spence Bate, 1862);Elasmopus;pectenicrus;0;0;0;0;1;0;0;0;0;0;0;0;0;0;0;0;0;0;0;0;0;0;0;0;0;0;0;0;5;Free
Elasmopus pocillimanus (Spence Bate, 1862);Elasmopus;pocillimanus;0;0;0;0;0;1;1;1;1;0;0;0;0;0;0;0;0;0;0;0;0;0;0;0;0;0;0;0;10;Free
Elasmopus rapax Costa, 1853;Elasmopus;rapax;0;0;0;0;0;0;0;0;0;0;0;0;0;0;0;0;0;0;0;0;0;0;0;0;0;0;0;1;10;Free
Maera grossimana (Montagu, 1808);Maera;grossimana;0;0;0;0;0;0;0;0;0;1;0;1;0;0;0;1;0;0;0;0;0;0;0;0;0;0;0;1;10;Free
Maera hirondellei Chevreux, 1900;Maera;hirondellei;0;0;1;1;1;1;1;1;1;0;0;0;0;0;0;0;0;0;0;0;0;0;0;0;0;0;0;0;10;Free
Maera pachytelson Karaman & Ruffo, 1971;Maera;pachytelson;0;0;0;0;0;0;0;0;0;1;1;0;0;0;0;0;0;0;0;0;0;0;0;0;0;0;0;0;7.5;Free
Maerella tenuimana (Spence Bate, 1862);Maerella;tenuimana;0;0;0;0;0;0;0;0;0;0;0;0;0;0;0;0;0;1;0;0;0;0;0;0;0;0;0;0;9;Free
Othomaera knudseni (Reid, 1951);Othomaera;knudseni;0;0;0;0;0;0;0;0;0;0;0;0;0;0;0;0;0;1;0;0;0;0;0;0;0;0;0;1;9;Free
Quadrimaera inaequipes(A. Costa in Hope, 1851);Quadrimaera;inaequipes;1;1;1;1;1;1;1;1;1;0;0;0;1;1;0;0;0;1;0;0;1;0;0;0;0;0;0;0;8;Free
Abludomelita gladiosa (Spence Bate, 1862);Abludomelita;gladiosa;0;0;0;0;0;0;0;0;0;0;0;0;0;0;0;0;0;0;0;0;0;0;0;1;0;0;0;0;9;Free
Gammarella fucicola (Leach, 1814);Gammarella;fucicola;0;0;0;0;0;0;0;1;0;1;1;0;0;0;0;1;1;1;1;0;0;0;0;1;0;0;1;1;12;Tube
Deflexilodes gibbosus (Chevreux, 1888);Deflexilodes;gibbosus;0;0;0;0;0;0;0;0;0;0;0;0;0;0;0;0;0;0;0;0;0;1;0;0;0;0;0;0;7;Free
Deflexilodes subnudus (Norman, 1889);Deflexilodes;subnudus;0;0;0;0;0;0;0;0;0;0;0;0;0;0;0;0;0;0;0;0;0;1;1;1;0;0;0;0;10;Free
Kroyera carinata Spence Bate, 1857;Kroyera;carinata;0;0;0;0;0;0;0;0;0;0;0;0;0;0;0;0;0;0;0;0;0;0;0;1;0;0;0;1;10;Free
Perioculodes aequimanus (Korssman, 1880);Perioculodes;aequimanus;0;0;0;0;0;0;0;0;0;0;0;0;0;0;0;0;1;0;0;0;1;1;1;1;0;0;0;0;2.9;Free
Perioculodes longimanus (Spence Bate & Westwood, 1868);Perioculodes;longimanus;0;0;0;0;0;0;0;0;0;0;0;0;0;0;0;0;0;0;0;0;0;1;0;0;0;0;0;0;5;Free
Pontocrates arenarius(Spence Bate, 1858);Pontocrates;arenarius;0;0;0;0;0;0;0;0;0;0;0;0;0;0;0;0;0;0;0;0;0;0;0;1;0;0;0;0;6.5;Free
Synchelidium longidigitatum Ruffo,1947;Synchelidium;longidigitatum;0;0;0;0;0;0;0;0;0;0;0;0;0;0;0;1;1;0;1;0;1;1;1;1;0;0;0;0;2.8;Free
Pereionotus testudo (Montagu, 1808);Perionotus;testudo;1;0;1;0;0;0;0;1;0;0;0;0;0;0;0;0;0;0;0;1;0;0;1;1;0;0;0;1;4;Free
Gammaropsis crenulata Krapp-Schickel & Myers, 1979;Gammaropsis;crenulata;0;0;0;0;0;0;0;0;0;0;0;0;0;0;0;0;0;1;0;0;0;0;0;0;0;0;0;0;6;Tube
Gammaropsis dentata Chevreux, 1900;Gammaropsis;dentata;1;1;1;0;0;0;0;0;0;0;0;0;0;0;0;0;1;0;0;0;0;0;0;0;0;0;0;0;4;Tube
Gammaropsis maculata (Johnston, 1828);Gammaropsis;maculata;0;0;0;0;0;0;0;0;0;0;0;0;0;0;0;0;0;0;0;0;0;1;1;1;0;0;0;0;10;Tube
Gammaropsis ostroumowi Sowinski, 1898;Gammaropsis;ostroumowi;0;0;0;0;0;0;1;0;0;0;0;0;0;0;0;0;0;0;0;0;0;0;0;0;0;0;0;0;4;Tube
Gammaropsis palmata (Stebbing & Robertson, 1891);Gammaropsis;palmata;0;0;0;0;0;0;0;0;0;1;0;0;0;0;0;0;1;0;1;1;1;1;1;1;1;0;0;0;3;Tube
Gammaropsis ulrici Krapp-Schickel & Myers, 1979;Gammaropsis;ulrici;0;0;0;0;0;0;0;0;0;0;0;0;0;0;0;0;0;1;0;0;0;0;0;0;0;0;0;0;5.25;Tube
Photis longicaudata (Spence Bate & Westwood, 1862);Photis;longicaudata;0;0;0;0;0;0;0;0;0;0;0;0;0;0;0;0;0;1;1;1;0;0;0;0;0;0;0;0;6;Tube
Harpinia crenulata (Boeck, 1871);Harpinia;crenulata;0;0;0;0;0;0;0;0;0;0;0;0;0;0;0;0;0;0;0;0;0;1;1;0;0;0;0;0;4;Free
Harpinia zavodniki Karaman, 1987;Harpinia;zavodniki;0;0;0;0;0;0;0;0;0;0;0;0;0;0;0;0;1;0;0;0;0;0;0;0;0;0;0;0;2.9;Free
Metaphoxus fultoni (Scott, 1890);Metaphoxus;fultoni;0;0;0;0;0;0;0;0;0;0;0;0;0;0;0;0;0;0;0;0;1;1;1;0;0;0;0;0;2.55;Free
Metaphoxus simplex (Spence Bate, 1857);Metaphoxus;simplex;0;0;0;0;0;1;0;1;1;0;0;0;0;0;0;0;0;0;0;0;0;0;0;0;0;0;0;0;3;Free
Phoxocephalus aquosus Karaman, 1985;Phoxocephalus;aquosus;0;0;0;0;0;0;0;0;0;0;0;0;0;0;0;0;0;0;0;0;0;1;1;0;0;0;0;0;2.65;Free
Podocerus variegatus Leach, 1814;Podocerus;variegatus;0;0;0;0;0;0;0;0;0;0;0;0;0;0;0;0;1;1;0;0;0;0;0;0;0;0;0;0;4;Free
Eusiroides dellavallei Chevreux, 1899;Eusiroides;dellavallei;0;0;0;0;0;0;0;1;0;0;0;0;0;0;0;1;1;1;0;0;0;0;0;0;0;0;0;1;6;Free
Stenothoe dollfusi Chevreux, 1887;Stenothoe;dollfusi;0;0;0;0;0;0;0;0;0;0;0;0;0;0;0;0;0;0;0;0;0;0;0;1;0;0;0;0;3.5;Free
Stenothoe eduardi Krapp- Schickel, 1975;Stenothoe;eduardi;0;0;0;0;0;0;0;0;0;0;0;0;0;0;0;0;1;0;0;0;0;0;0;0;0;0;0;0;4;Free
Stenothoe gallensis Walker, 1904;Stenothoe;gallensis;0;1;0;0;1;0;0;0;0;0;0;0;0;0;0;0;0;0;0;0;0;0;0;0;0;0;0;0;3.25;Free
Stenothoe monoculoides (Montagu, 1813);Stenothoe;monoculoides;0;1;1;1;1;1;0;1;1;0;0;0;0;0;0;1;0;0;1;0;1;0;1;1;1;1;0;0;3;Free
Stenothoe tergestina (Nebeski, 1881);Stenothoe;tergestina;0;0;0;0;0;0;0;0;0;0;0;0;0;0;0;0;0;1;0;0;0;0;0;0;0;0;0;0;4;Free
Orchestia montagui Audouin, 1826;Orchestia;montagui;0;0;0;0;0;0;0;0;0;0;0;0;0;0;0;0;0;1;0;0;0;0;0;0;0;0;0;0;20;Tube
Lepidepecreum longicornis (Spence Bate 1862);Lepidepecreum;longicornis;0;0;0;0;0;1;0;0;0;0;0;0;0;0;0;0;0;0;0;0;0;0;0;0;0;0;0;1;8;Free
Lysianella dellavallei Stebbing, 1906;Lysianella;dellavallei;0;0;0;0;0;0;0;0;0;0;0;0;0;0;0;0;0;1;0;0;0;0;0;0;0;0;0;0;5;Free
Orchomene humilis (Costa, 1853);Orchomene;humilis;0;0;0;0;0;1;1;1;0;1;1;1;0;0;0;1;1;0;1;1;0;1;1;1;0;0;0;1;8;Free
Orchomene massiliensisLedoyer, 1977;Orchomene;massiliensis;0;0;0;0;0;0;0;0;0;0;0;0;0;0;0;0;0;0;0;0;0;0;0;1;0;0;0;0;5;Free
Orchomene similis Chevreux, 1912;Orchomene;similis;0;0;0;0;0;0;0;0;0;0;0;0;0;0;0;1;0;0;0;0;0;1;1;1;0;0;0;0;3;Free
Tryphosa nana(Kryer, 1846);Tryphosa;nana;0;0;0;0;0;0;0;0;0;0;0;0;0;0;0;0;0;0;0;0;0;0;0;1;0;0;0;0;5;Free
Unciolella lunata Chevreux, 1911;Unciolella;lunata;0;0;0;0;0;0;0;0;0;0;0;0;0;0;0;0;0;1;0;0;0;0;0;0;0;0;0;0;3;Tube
Tmetonyx nardonis (Heller, 1867);Tmetonyx;nardonis;0;0;0;0;0;0;0;0;0;0;0;0;0;0;0;1;1;0;1;0;0;0;0;1;0;0;0;0;3.75;Free
Tmetonyx similis (G.O. Sars, 1891);Tmetonyx;similis;0;0;0;0;0;0;0;0;0;0;0;0;0;0;0;0;0;1;0;0;0;0;0;0;0;0;0;0;10;Free
Urothoe poseidonis Reibish, 1905;Urothoe;poseidonis;0;0;0;0;0;0;0;0;0;0;0;0;0;0;0;0;0;1;0;0;0;0;0;0;0;0;0;0;6;Free